commit_msg,commit_url,patch_url
[sync] PR-33: [Resolving] CVE-2021-27928,/src-openeuler/mariadb/commit/bc6c9c7a9abc8f4b27e04f78792dbf5bb3c6b075,
Fix CVE-2021-27928,/src-openeuler/mariadb/commit/008e4bf85322b4efed5ddf02b2e996b08978d9e9,
[Resolving] CVE-2021-27928,/src-openeuler/mariadb/commit/c72a5b8e8b3544104ce77a9fabad283abfbb4030,
Fix CVE-2021-27928,/src-openeuler/mariadb/commit/822dd3d2d422452b50f32551ab45270921efeb77,
修复由于访问SPwd空指针引起的崩溃问题。,/src-openeuler/kiran-cc-daemon/commit/3397eb35d9b8691b9f0e8e71bf0354d659ea051f,
Enhance security for share library,/src-openeuler/spdk/commit/cf9487b4b3fb7b536afefee1cff5fb92ecddeb9c,
Fix CVE-2023-7104,/src-openeuler/firefox/commit/140be6aaee779c098f183fce76e560ccf13f5d98,
Fix CVE-2023-7104,/src-openeuler/firefox/commit/4f04f02aa82976ae4ba691df468f33ab3ffd0b5a,
Fix for libwebp CVE-2023-4863,/src-openeuler/firefox/commit/0a2280d686792d0146c3aa94581e4691259e8f77,
Fix for libwebp CVE-2023-4863,/src-openeuler/firefox/commit/766f49e7394915e7085e984d1fdabfbfefc41b60,
fix CVE-2020-fix CVE-2020-15664 CVE-2020-15665 CVE-2020-15666 CVE-…,/src-openeuler/firefox/commit/60f67e1c86f4e9f9fe867e7383b027bfad98cd65,
fix CVE-2020-15664 CVE-2020-15665 CVE-2020-15666 CVE-2020-15667 CVE-20…,/src-openeuler/firefox/commit/bfa223143ebba4af04ad942120d19285c63b8384,
fix CVE-2020-6811 CVE-2020-6814,/src-openeuler/firefox/commit/468b240542da56ff6d82f976de071d243b67e1f7,
fix CVE-2020-6811 CVE-2020-6814,/src-openeuler/firefox/commit/6e60904ab4918dd91e245d760696a32a1735e3c0,
fix CVE-2023-48795 and CVE-2023-51385,/src-openeuler/openssh/commit/0725f97c53cda2153699bcd4deeaa21d570e5395,
fix CVE-2023-48795 andCVE-2023-51385,/src-openeuler/openssh/commit/203a6737d36cb10c2f1b66cee5d74fc409f14a13,
Fix CVE-2023-25136,/src-openeuler/openssh/commit/6dee73d1a661b07408d1a09b9be65c1f49c60dba,
fix CVE-2023-25136,/src-openeuler/openssh/commit/98d2ece9583ff5861d717ad2876dcc4d460ff5bb,
修复不适用FIDO构建时可能发生的引用空指针的问题,/src-openeuler/openssh/commit/3c60a33f0dbd77328a0a38fb1412c1cc38b11ac8,
avoid integer overflow of auth attempts,/src-openeuler/openssh/commit/6f1a6b5a9c7eaee318f71a3a47044352cf13338d,
add strict-scp-check for CVE-2020-15778,/src-openeuler/openssh/commit/ab6ed05df90da1f991534086e53c9b25b882c654,
add strict scp check for CVE-2020-15778,/src-openeuler/openssh/commit/9fd9317839005b142fa1d5c717bf587bfc13e1ef,
fix CVE-2021-41617,/src-openeuler/openssh/commit/11347d6ff5115c1f2d3808ec39f7a70b1bc66602,
fix CVE-2021-41617,/src-openeuler/openssh/commit/96428762fd313a4182675a0389746dd799bd07c5,
add strict-scp-check for CVE-2020-15778,/src-openeuler/openssh/commit/1575d3deb7ec09d75bb374691f509ae9de30bd89,
add strict-scp-check for CVE-2020-15778,/src-openeuler/openssh/commit/fcef38e5d9d0116a269c5592dc455ad71c344125,
fix CVE-2020-14145,/src-openeuler/openssh/commit/b773e1502ad6d04a87ba01f64baa55f7a9c5930c,
fix CVE-2020-14145,/src-openeuler/openssh/commit/8c65c058d1010055995736933aa78b781e54e440,
fix CVE-2018-15919,/src-openeuler/openssh/commit/2c430a9de3ad90f70c9d20c97d054005b9f0e2ad,
fix CVE-2018-15919.patch,/src-openeuler/openssh/commit/1462ccaac2ac1bba17e190b3bcd450bdbf10e6cb,
fix CVE-2020-12062,/src-openeuler/openssh/commit/5a11ef2a3fa5f51819f39c1bec3b80e1079f739e,
Fix CVE-2020-12062,/src-openeuler/openssh/commit/8a23f54ab3d777813bebf8cddcd50577789600a8,
openssh: bugfix CVE-2018-15919,/src-openeuler/openssh/commit/f570fc4a2f5899a384e4f69f731a1ca56ce2ac24,
bugfixCVE-2018-15919,/src-openeuler/openssh/commit/29ee5f4511c07408da936d092502c325dab23b56,
Update to 0.103.9 to fix CVE-2023-20197,/src-openeuler/clamav/commit/448139bb6651bf4cded42b6b88554c2a160fcc7b,
Update to 0.103.9 to fix CVE-2023-20197,/src-openeuler/clamav/commit/dca0979f3efee4de6828509695d425949b021166,
Update to 0.103.8 to fix CVE-2023-20032 and CVE-2023-20052,/src-openeuler/clamav/commit/7f8046249cca14ee609ac39ebd0098f4a39bed04,
Update to 0.103.8 to fix CVE-2023-20032 and CVE-2023-20052,/src-openeuler/clamav/commit/357dfdc0185dd1e4d506b082f8efbb9a0c808a4f,
Upgrade to 0.103.6 version for fix CVE-2022-20785 CVE-2022-20771 C…,/src-openeuler/clamav/commit/c6ec14912a87cdcb8f7191d518fab190f49cd130,
Fix CVE-2022-20698,/src-openeuler/clamav/commit/ce604eaeceb3541ceaf2679600d122a8cb3b3fda,
Fix CVE-2022-20698,/src-openeuler/clamav/commit/d450a0f634feaff243797eaafc917486928f15e5,
fix CVE-2019-15961 ,/src-openeuler/clamav/commit/dfaccaaa59f0f3c7f934f8c3053a0d4f8020e102,
fix CVE-2019-15961,/src-openeuler/clamav/commit/a82537d042f6931952d5e36a13fc50cf8154e125,
Fix int64 overflow check,/src-openeuler/clamav/commit/f4c4ea078212bb46f8d17256960865a65519f22a,
Fix int64 overflow check,/src-openeuler/clamav/commit/1081cd8581c01803f01d1ccec6c5c8d8ea76af85,
Remove appstream-data libkate libofa liboggz liboil rubygem-hpri…,/src-openeuler/obs_meta/commit/a9e5e57132041940ee8550941aa6b052fea78c2f,
Remove appstream-data libkate libofa liboggz liboil rubygem-hpricot ru…,/src-openeuler/obs_meta/commit/ec4807f3d9813ecab8f194924706a1bd0edd08d4,
openEuler-20.03-LTS-Next:Change _service file for security-tool,/src-openeuler/obs_meta/commit/7123a6f7025c291cccf65069519d973023008016,
openEuler-20.03-LTS-Next:Change _service file for security-tool,/src-openeuler/obs_meta/commit/006d67129c1d3f3256e021c7571c17e891ac3c48,
update security-tool,/src-openeuler/obs_meta/commit/8c76a1455c24d8f04a9bdd82a7355e0ab648c1db,
change _service file for security-tool,/src-openeuler/obs_meta/commit/2849a2b6a6e8d73b4909c561abcbe5fa136ca83f,
change _service file for security-tool,/src-openeuler/obs_meta/commit/a0e8b62d1ef5a6336e27493454d501a24563818f,
delete wildfly-security-manager,/src-openeuler/obs_meta/commit/20c7d6b19658fc15f5a9b90289998651b9da8097,
delete maven-injection-plugin,/src-openeuler/obs_meta/commit/29acff2810a738d396b2498f81e1ef66b1739527,
add maven-injection-plugin,/src-openeuler/obs_meta/commit/8aa5409a7d7673762a6c7f7250230e12866dddbc,
add wildfly-security-manager,/src-openeuler/obs_meta/commit/ac20f39438f18dd125adedebec5d24ff3f75e7ac,
add maven-injection-plugin,/src-openeuler/obs_meta/commit/5f879a94123bc69ff7336dcdd0849faa8307d47e,
add wildfly-security-manager,/src-openeuler/obs_meta/commit/7d70a98ba44bf3c64ba1620229c24c545a36e4d1,
add xml-security,/src-openeuler/obs_meta/commit/6c98497c168ebd231cc3e514384a4b1d21c0d7e9,
Fix CVE-2019-12415,/src-openeuler/apache-poi/commit/9f3f02a136c27320a0bbd8bebc023439c7c95e7b,
Fix CVE-2019-12415,/src-openeuler/apache-poi/commit/bf80364a70a69d6d2ed13105b848f82320c61fd6,
re-fixed CVE-2022-48174,/src-openeuler/busybox/commit/45bef837cdae15d305c8607a226b6b4700b44289,
re-fixed CVE-2022-48174,/src-openeuler/busybox/commit/6e47580707f8a804b36eedc5a1ec730012987125,
fix CVE-2022-48174,/src-openeuler/busybox/commit/a7e7b3cc924b318415ebb117d9820869ca4d4882,
fix CVE-2022-48174,/src-openeuler/busybox/commit/16dca17fd32612b5dcda913efe4f037c0ed2fa54,
fix CVE-2022-30065,/src-openeuler/busybox/commit/a4f5931e8a4ec4518c42dc1437e2471fb5721433,
busybox: fix CVE-2022-30065,/src-openeuler/busybox/commit/ecbff042edcf8061342142cbf2e3b559b5bf33ec,
fix CVE-2021-42378 CVE-2021-42379 CVE-2021-42380 CVE-2021-42381 CVE-20…,/src-openeuler/busybox/commit/112a84adaae2e69c27b00ace46a5456e8f120359,
fix CVE-2021-42373 CVE-2021-42375 and CVE-2021-42376,/src-openeuler/busybox/commit/46ed991bcc8742491fc2e8c826a1fbacd9296621,
fix CVE-2021-42373 CVE-2021-42375 and CVE-2021-42376,/src-openeuler/busybox/commit/378a45e767407714efca912601b75a278aaa2c66,
fix CVE-2021-42374 and CVE-2021-42377,/src-openeuler/busybox/commit/9fd82b993defc0136d155584e91dda3b20f438c6,
fix CVE-2021-42374 and CVE-2021-42377,/src-openeuler/busybox/commit/19d37e85ae31fb4b24b32ab0da71caa3c1a3135b,
fix CVE-2021-28831,/src-openeuler/busybox/commit/ebb788a1ddcf576dfb696ca977fc4f0924b2c8f3,
fix CVE-2021-28831,/src-openeuler/busybox/commit/5f0b4f018ce508f82a8c6c517322fe63a5d06492,
fix CVE-2018-1000500,/src-openeuler/busybox/commit/4157d34cde4959e05b5313c115af1be339934806,
fix CVE-2018-1000500,/src-openeuler/busybox/commit/ade7c6c65e88d5b0f9d41bc57d2404ab24fb1102,
fix cve-2022-3171,/src-openeuler/protobuf/commit/18a48b4c1936816915a804844256b5ff1dd6a531,
fix cve-2022-3171,/src-openeuler/protobuf/commit/fe90bc14479836869f0414e60033f05dbfb63588,
fix CVE-2022-1941,/src-openeuler/protobuf/commit/7477ebfa71c0d3d1b217cab65f5af80b2c8b685a,
fix CVE-2022-1941,/src-openeuler/protobuf/commit/20af4270ac2e7287cad0b7e60a6670be8b48e533,
[PATCH] fix CVE-2021-22569,/src-openeuler/protobuf/commit/4cfa29097e7a9e9a3e46ef0b76df5b11960a9268,
[PATCH] fix CVE-2021-22570,/src-openeuler/protobuf/commit/9eb2814e8b76a2a2dae55a6c0d2f23c0e0d19975,
fix CVE-2021-22570,/src-openeuler/protobuf/commit/b669ba64ad561f3aca36b3e02ef4a8a2aca4a110,
Add format literal string to resolve g++ issue for format-security,/src-openeuler/hunspell/commit/cec75648785d50bebb83b34516432bc496f4f5c6,
fix CVE-2019-16707,/src-openeuler/hunspell/commit/57dc556c8d5a19c8ebef1a437b6e3d2b9d354210,
fix CVE-2019-16707,/src-openeuler/hunspell/commit/6825db51a46ad32688702207df1b9951b7a45ddc,
fix CVE-2023-39975,/src-openeuler/krb5/commit/cefde919cd1eaa5d0a5b9161e76d12a1d53bd192,
fix CVE-2023-39975,/src-openeuler/krb5/commit/5b9553d6583f1d14440cb6ba518ea9aaaac62ea5,
【Mainline】Fix CVE-2021-37750,/src-openeuler/krb5/commit/27f25610014a6895a8abb85747a5018279b22e33,
[Mainline]: Fix CVE-2021-37750,/src-openeuler/krb5/commit/ca80745b37766b6c6919c8f603c168460a08d859,
【Mainline】Fix CVE-2021-36222,/src-openeuler/krb5/commit/eff0c4e59627a67103a09df276c086beb3374d05,
Fix CVE-2021-36222,/src-openeuler/krb5/commit/4027c53725196429b6a3142deef135857fb2a445,
【Mainline】Fix CVE-2020-28196,/src-openeuler/krb5/commit/8aae4eb42318492a1f273a00512067630e4513fc,
Fix CVE-2020-28196,/src-openeuler/krb5/commit/d37d309202a01b9ddc19dadcab8e8c1dacb42d15,
